[
    {
        "id": 336497,
        "quiz_id": 51,
        "score": 108,
        "accuracy": "90 %",
        "correct_answers": 27,
        "incorrect_answers": 3,
        "duration": "15:00",
        "topic": "Body Fluids and Circulation",
        "questions_count": 100
    },
    {
        "id": 336448,
        "quiz_id": 6,
        "score": 92,
        "accuracy": "100 %",
        "correct_answers": 23,
        "incorrect_answers": 0,
        "duration": "15:00",
        "topic": "Body Fluids and Circulation ",
        "questions_count": 23
    },
    {
        "id": 333330,
        "quiz_id": 51,
        "score": 116,
        "accuracy": "96 %",
        "correct_answers": 29,
        "incorrect_answers": 1,
        "duration": "15:00",
        "topic": "Body Fluids and Circulation",
        "questions_count": 100
    },
    {
        "id": 333242,
        "quiz_id": 6,
        "score": 36,
        "accuracy": "90 %",
        "correct_answers": 9,
        "incorrect_answers": 1,
        "duration": "15:00",
        "topic": "Body Fluids and Circulation ",
        "questions_count": 23
    },
    {
        "id": 329504,
        "quiz_id": 51,
        "score": 36,
        "accuracy": "31 %",
        "correct_answers": 9,
        "incorrect_answers": 20,
        "duration": "15:00",
        "topic": "Body Fluids and Circulation",
        "questions_count": 100
    },
    {
        "id": 328488,
        "quiz_id": 57,
        "score": 40,
        "accuracy": "38 %",
        "correct_answers": 10,
        "incorrect_answers": 16,
        "duration": "15:00",
        "topic": "Human Reproduction",
        "questions_count": 89
    },
    {
        "id": 328414,
        "quiz_id": 6,
        "score": 36,
        "accuracy": "50 %",
        "correct_answers": 9,
        "incorrect_answers": 9,
        "duration": "15:00",
        "topic": "Body Fluids and Circulation ",
        "questions_count": 23
    },
    {
        "id": 321514,
        "quiz_id": 20,
        "score": 12,
        "accuracy": "30 %",
        "correct_answers": 3,
        "incorrect_answers": 7,
        "duration": "15:00",
        "topic": "principles of inheritance and variation ",
        "questions_count": 59
    },
    {
        "id": 320963,
        "quiz_id": 24,
        "score": 76,
        "accuracy": "100 %",
        "correct_answers": 19,
        "incorrect_answers": 0,
        "duration": "15:00",
        "topic": "microbes in human welfare",
        "questions_count": 20
    },
    {
        "id": 320916,
        "quiz_id": 18,
        "score": 40,
        "accuracy": "100 %",
        "correct_answers": 10,
        "incorrect_answers": 0,
        "duration": "15:00",
        "topic": "reproductive health ",
        "questions_count": 22
    },
    {
        "id": 315179,
        "quiz_id": 25,
        "score": 112,
        "accuracy": "93 %",
        "correct_answers": 28,
        "incorrect_answers": 2,
        "duration": "15:00",
        "topic": "human health and disease ",
        "questions_count": 41
    },
    {
        "id": 315081,
        "quiz_id": 18,
        "score": 64,
        "accuracy": "84 %",
        "correct_answers": 16,
        "incorrect_answers": 3,
        "duration": "15:00",
        "topic": "reproductive health ",
        "questions_count": 22
    },
    {
        "id": 257774,
        "quiz_id": 58,
        "score": 52,
        "accuracy": "43 %",
        "correct_answers": 13,
        "incorrect_answers": 17,
        "duration": "15:00",
        "topic": "Reproductive Health",
        "questions_count": 55
    },
    {
        "id": 195808,
        "quiz_id": 50,
        "score": 24,
        "accuracy": "66 %",
        "correct_answers": 6,
        "incorrect_answers": 3,
        "duration": "15:00",
        "topic": "Respiration and Gas Exchange",
        "questions_count": 100
    }
]