[
    {
      "id": 336497,
      "quiz_id": 51,
      "user_id": "YcDFSO4ZukTJnnFMgRNVwZTE4j42",
      "submitted_at": "2025-01-17T15:30:18.027+05:30",
      "created_at": "2025-01-17T15:30:18.044+05:30",
      "updated_at": "2025-01-17T15:30:18.044+05:30",
      "score": 108,
      "trophy_level": 2,
      "accuracy": "90 %",
      "speed": "100",
      "final_score": "105.0",
      "negative_score": "3.0",
      "correct_answers": 27,
      "incorrect_answers": 3,
      "source": "exam",
      "type": "topic",
      "started_at": "2025-01-17T15:18:30.000+05:30",
      "ended_at": "2025-01-17T15:30:15.000+05:30",
      "duration": "15:00",
      "better_than": 107,
      "total_questions": 100,
      "rank_text": "Topic Rank - #-171",
      "mistakes_corrected": 9,
      "initial_mistake_count": 12,
      "response_map": {
        "2523": 10109,
        "2529": 10130,
        "2533": 10149,
        "2534": 10151,
        "2535": 10155,
        "2537": 10163,
        "2538": 10169,
        "2541": 10178,
        "2543": 10187,
        "2550": 10216,
        "2553": 10227,
        "2554": 10232,
        "2555": 10235,
        "2557": 10242,
        "2558": 10246,
        "2564": 10270,
        "2565": 10276,
        "2567": 10283,
        "2572": 10305,
        "2576": 10318,
        "2585": 10356,
        "2587": 10365,
        "2589": 10371,
        "2591": 10378,
        "2593": 10389,
        "2598": 10407,
        "2599": 10411,
        "2607": 10444,
        "2610": 10454,
        "2614": 10472
      },
      "quiz": {
        "id": 51,
        "name": null,
        "title": "Human Physiology (15)",
        "description": "",
        "difficulty_level": null,
        "topic": "Body Fluids and Circulation",
        "time": "2024-07-12T00:00:00.000+05:30",
        "is_published": true,
        "created_at": "2024-07-12T11:17:37.658+05:30",
        "updated_at": "2024-09-23T18:43:27.373+05:30",
        "duration": 100,
        "end_time": "2024-07-13T00:00:00.000+05:30",
        "negative_marks": "1.0",
        "correct_answer_marks": "4.0",
        "shuffle": true,
        "show_answers": true,
        "lock_solutions": false,
        "is_form": false,
        "show_mastery_option": false,
        "reading_material": null,
        "quiz_type": null,
        "is_custom": false,
        "banner_id": null,
        "exam_id": null,
        "show_unanswered": false,
        "ends_at": "2025-01-18",
        "lives": null,
        "live_count": "Free Test",
        "coin_count": -1,
        "questions_count": 100,
        "daily_date": "January 17, 2025",
        "max_mistake_count": 15,
        "reading_materials": []
      }
    },
    {
      "id": 336448,
      "quiz_id": 6,
      "user_id": "YcDFSO4ZukTJnnFMgRNVwZTE4j42",
      "submitted_at": "2025-01-17T15:17:44.042+05:30",
      "created_at": "2025-01-17T15:17:44.056+05:30",
      "updated_at": "2025-01-17T15:17:44.056+05:30",
      "score": 92,
      "trophy_level": 1,
      "accuracy": "100 %",
      "speed": "100",
      "final_score": "92.0",
      "negative_score": "0.0",
      "correct_answers": 23,
      "incorrect_answers": 0,
      "source": "exam",
      "type": "topic",
      "started_at": "2025-01-17T15:07:45.000+05:30",
      "ended_at": "2025-01-17T15:17:41.000+05:30",
      "duration": "15:00",
      "better_than": 395,
      "total_questions": 23,
      "rank_text": "Topic Rank - #-9140",
      "mistakes_corrected": 3,
      "initial_mistake_count": 3,
      "response_map": {
        "48": 192,
        "49": 197,
        "50": 199,
        "51": 203,
        "52": 208,
        "53": 212,
        "54": 217,
        "55": 221,
        "56": 224,
        "57": 229,
        "58": 232,
        "59": 235,
        "60": 239,
        "61": 245,
        "62": 250,
        "63": 253,
        "64": 256,
        "65": 261,
        "134": 538,
        "135": 543,
        "136": 546,
        "353": 1415,
        "354": 1417
      },
      "quiz": {
        "id": 6,
        "name": null,
        "title": "Human Physiology PYQ",
        "description": "",
        "difficulty_level": null,
        "topic": "Body Fluids and Circulation ",
        "time": "2024-04-25T00:00:00.000+05:30",
        "is_published": true,
        "created_at": "2024-04-26T15:26:29.886+05:30",
        "updated_at": "2024-06-05T18:27:32.163+05:30",
        "duration": 23,
        "end_time": "2024-04-26T00:00:00.000+05:30",
        "negative_marks": "1.0",
        "correct_answer_marks": "4.0",
        "shuffle": true,
        "show_answers": true,
        "lock_solutions": false,
        "is_form": false,
        "show_mastery_option": false,
        "reading_material": null,
        "quiz_type": null,
        "is_custom": false,
        "banner_id": null,
        "exam_id": null,
        "show_unanswered": false,
        "ends_at": "2025-01-18",
        "lives": null,
        "live_count": "Free Test",
        "coin_count": -1,
        "questions_count": 23,
        "daily_date": "January 17, 2025",
        "max_mistake_count": 15,
        "reading_materials": []
      }
    },
    {
      "id": 333330,
      "quiz_id": 51,
      "user_id": "YcDFSO4ZukTJnnFMgRNVwZTE4j42",
      "submitted_at": "2025-01-16T20:13:19.682+05:30",
      "created_at": "2025-01-16T20:13:19.699+05:30",
      "updated_at": "2025-01-16T20:13:19.699+05:30",
      "score": 116,
      "trophy_level": 2,
      "accuracy": "96 %",
      "speed": "100",
      "final_score": "115.0",
      "negative_score": "1.0",
      "correct_answers": 29,
      "incorrect_answers": 1,
      "source": "live",
      "type": "topic",
      "started_at": "2025-01-16T20:01:10.000+05:30",
      "ended_at": "2025-01-16T20:13:18.000+05:30",
      "duration": "15:00",
      "better_than": 115,
      "total_questions": 100,
      "rank_text": "Topic Rank - #-418",
      "mistakes_corrected": 11,
      "initial_mistake_count": 12,
      "response_map": {
        "2523": 10109,
        "2525": 10117,
        "2528": 10127,
        "2533": 10149,
        "2539": 10170,
        "2540": 10175,
        "2548": 10208,
        "2549": 10211,
        "2550": 10216,
        "2552": 10223,
        "2554": 10232,
        "2558": 10246,
        "2560": 10257,
        "2562": 10265,
        "2564": 10270,
        "2573": 10307,
        "2574": 10313,
        "2578": 10329,
        "2580": 10337,
        "2586": 10360,
        "2590": 10377,
        "2595": 10396,
        "2599": 10411,
        "2600": 10414,
        "2602": 10422,
        "2607": 10444,
        "2608": 10447,
        "2609": 10451,
        "2612": 10464,
        "2613": 10469
      },
      "quiz": {
        "id": 51,
        "name": null,
        "title": "Human Physiology (15)",
        "description": "",
        "difficulty_level": null,
        "topic": "Body Fluids and Circulation",
        "time": "2024-07-12T00:00:00.000+05:30",
        "is_published": true,
        "created_at": "2024-07-12T11:17:37.658+05:30",
        "updated_at": "2024-09-23T18:43:27.373+05:30",
        "duration": 100,
        "end_time": "2024-07-13T00:00:00.000+05:30",
        "negative_marks": "1.0",
        "correct_answer_marks": "4.0",
        "shuffle": true,
        "show_answers": true,
        "lock_solutions": false,
        "is_form": false,
        "show_mastery_option": false,
        "reading_material": null,
        "quiz_type": null,
        "is_custom": false,
        "banner_id": null,
        "exam_id": null,
        "show_unanswered": false,
        "ends_at": "2025-01-18",
        "lives": null,
        "live_count": "Free Test",
        "coin_count": -1,
        "questions_count": 100,
        "daily_date": "January 17, 2025",
        "max_mistake_count": 15,
        "reading_materials": []
      }
    },
    {
      "id": 333242,
      "quiz_id": 6,
      "user_id": "YcDFSO4ZukTJnnFMgRNVwZTE4j42",
      "submitted_at": "2025-01-16T20:00:11.562+05:30",
      "created_at": "2025-01-16T20:00:11.573+05:30",
      "updated_at": "2025-01-16T20:00:11.573+05:30",
      "score": 36,
      "trophy_level": 2,
      "accuracy": "90 %",
      "speed": "100",
      "final_score": "35.0",
      "negative_score": "1.0",
      "correct_answers": 9,
      "incorrect_answers": 1,
      "source": "live",
      "type": "topic",
      "started_at": "2025-01-16T19:52:57.000+05:30",
      "ended_at": "2025-01-16T20:00:09.000+05:30",
      "duration": "15:00",
      "better_than": 152,
      "total_questions": 23,
      "rank_text": "Topic Rank - #-1598",
      "mistakes_corrected": 1,
      "initial_mistake_count": 2,
      "response_map": {
        "49": 197,
        "52": 208,
        "53": 212,
        "54": 217,
        "55": 221,
        "60": 239,
        "64": 255,
        "136": 546,
        "353": 1415,
        "354": 1417
      },
      "quiz": {
        "id": 6,
        "name": null,
        "title": "Human Physiology PYQ",
        "description": "",
        "difficulty_level": null,
        "topic": "Body Fluids and Circulation ",
        "time": "2024-04-25T00:00:00.000+05:30",
        "is_published": true,
        "created_at": "2024-04-26T15:26:29.886+05:30",
        "updated_at": "2024-06-05T18:27:32.163+05:30",
        "duration": 23,
        "end_time": "2024-04-26T00:00:00.000+05:30",
        "negative_marks": "1.0",
        "correct_answer_marks": "4.0",
        "shuffle": true,
        "show_answers": true,
        "lock_solutions": false,
        "is_form": false,
        "show_mastery_option": false,
        "reading_material": null,
        "quiz_type": null,
        "is_custom": false,
        "banner_id": null,
        "exam_id": null,
        "show_unanswered": false,
        "ends_at": "2025-01-18",
        "lives": null,
        "live_count": "Free Test",
        "coin_count": -1,
        "questions_count": 23,
        "daily_date": "January 17, 2025",
        "max_mistake_count": 15,
        "reading_materials": []
      }
    },
    {
      "id": 329504,
      "quiz_id": 51,
      "user_id": "YcDFSO4ZukTJnnFMgRNVwZTE4j42",
      "submitted_at": "2025-01-15T20:34:39.462+05:30",
      "created_at": "2025-01-15T20:34:39.478+05:30",
      "updated_at": "2025-01-15T20:34:39.478+05:30",
      "score": 36,
      "trophy_level": 3,
      "accuracy": "31 %",
      "speed": "96",
      "final_score": "16.0",
      "negative_score": "20.0",
      "correct_answers": 9,
      "incorrect_answers": 20,
      "source": "exam",
      "type": "topic",
      "started_at": "2025-01-15T20:21:25.000+05:30",
      "ended_at": "2025-01-15T20:34:38.000+05:30",
      "duration": "15:00",
      "better_than": 35,
      "total_questions": 100,
      "rank_text": "Topic Rank - #2023",
      "mistakes_corrected": 0,
      "initial_mistake_count": 20,
      "response_map": {
        "2521": 10099,
        "2523": 10107,
        "2532": 10145,
        "2537": 10163,
        "2538": 10168,
        "2540": 10174,
        "2544": 10191,
        "2549": 10211,
        "2558": 10247,
        "2563": 10266,
        "2564": 10270,
        "2566": 10279,
        "2567": 10283,
        "2570": 10297,
        "2571": 10298,
        "2572": 10302,
        "2577": 10324,
        "2582": 10344,
        "2585": 10355,
        "2586": 10361,
        "2590": 10377,
        "2593": 10388,
        "2594": 10393,
        "2595": 10396,
        "2596": 10399,
        "2602": 10424,
        "2610": 10456,
        "2613": 10469,
        "2616": 10481
      },
      "quiz": {
        "id": 51,
        "name": null,
        "title": "Human Physiology (15)",
        "description": "",
        "difficulty_level": null,
        "topic": "Body Fluids and Circulation",
        "time": "2024-07-12T00:00:00.000+05:30",
        "is_published": true,
        "created_at": "2024-07-12T11:17:37.658+05:30",
        "updated_at": "2024-09-23T18:43:27.373+05:30",
        "duration": 100,
        "end_time": "2024-07-13T00:00:00.000+05:30",
        "negative_marks": "1.0",
        "correct_answer_marks": "4.0",
        "shuffle": true,
        "show_answers": true,
        "lock_solutions": false,
        "is_form": false,
        "show_mastery_option": false,
        "reading_material": null,
        "quiz_type": null,
        "is_custom": false,
        "banner_id": null,
        "exam_id": null,
        "show_unanswered": false,
        "ends_at": "2025-01-18",
        "lives": null,
        "live_count": "Free Test",
        "coin_count": -1,
        "questions_count": 100,
        "daily_date": "January 17, 2025",
        "max_mistake_count": 15,
        "reading_materials": []
      }
    },
    {
      "id": 328488,
      "quiz_id": 57,
      "user_id": "YcDFSO4ZukTJnnFMgRNVwZTE4j42",
      "submitted_at": "2025-01-15T15:57:12.791+05:30",
      "created_at": "2025-01-15T15:57:12.800+05:30",
      "updated_at": "2025-01-15T15:57:12.800+05:30",
      "score": 40,
      "trophy_level": 3,
      "accuracy": "38 %",
      "speed": "86",
      "final_score": "24.0",
      "negative_score": "16.0",
      "correct_answers": 10,
      "incorrect_answers": 16,
      "source": "exam",
      "type": "topic",
      "started_at": "2025-01-15T15:47:05.000+05:30",
      "ended_at": "2025-01-15T15:57:11.000+05:30",
      "duration": "15:00",
      "better_than": 43,
      "total_questions": 89,
      "rank_text": "Topic Rank - #1810",
      "mistakes_corrected": 0,
      "initial_mistake_count": 16,
      "response_map": {
        "3043": 12184,
        "3044": 12186,
        "3046": 12194,
        "3053": 12224,
        "3062": 12261,
        "3063": 12264,
        "3064": 12267,
        "3065": 12270,
        "3068": 12283,
        "3071": 12297,
        "3074": 12307,
        "3080": 12333,
        "3082": 12340,
        "3083": 12343,
        "3086": 12354,
        "3087": 12361,
        "3089": 12368,
        "3090": 12370,
        "3096": 12394,
        "3097": 12401,
        "3104": 12427,
        "3110": 12451,
        "3111": 12456,
        "3112": 12458,
        "3114": 12466,
        "3116": 12476
      },
      "quiz": {
        "id": 57,
        "name": null,
        "title": "Reproduction",
        "description": "",
        "difficulty_level": null,
        "topic": "Human Reproduction",
        "time": "2024-07-12T00:00:00.000+05:30",
        "is_published": true,
        "created_at": "2024-07-12T16:57:41.878+05:30",
        "updated_at": "2024-09-23T18:43:28.935+05:30",
        "duration": 89,
        "end_time": "2024-07-13T00:00:00.000+05:30",
        "negative_marks": "1.0",
        "correct_answer_marks": "4.0",
        "shuffle": true,
        "show_answers": true,
        "lock_solutions": false,
        "is_form": false,
        "show_mastery_option": false,
        "reading_material": null,
        "quiz_type": null,
        "is_custom": false,
        "banner_id": null,
        "exam_id": null,
        "show_unanswered": false,
        "ends_at": "2025-01-18",
        "lives": null,
        "live_count": "Free Test",
        "coin_count": -1,
        "questions_count": 89,
        "daily_date": "January 17, 2025",
        "max_mistake_count": 15,
        "reading_materials": []
      }
    },
    {
      "id": 328414,
      "quiz_id": 6,
      "user_id": "YcDFSO4ZukTJnnFMgRNVwZTE4j42",
      "submitted_at": "2025-01-15T15:36:46.410+05:30",
      "created_at": "2025-01-15T15:36:46.420+05:30",
      "updated_at": "2025-01-15T15:36:46.420+05:30",
      "score": 36,
      "trophy_level": 3,
      "accuracy": "50 %",
      "speed": "78",
      "final_score": "27.0",
      "negative_score": "9.0",
      "correct_answers": 9,
      "incorrect_answers": 9,
      "source": "exam",
      "type": "topic",
      "started_at": "2025-01-15T15:23:42.000+05:30",
      "ended_at": "2025-01-15T15:36:45.000+05:30",
      "duration": "15:00",
      "better_than": 152,
      "total_questions": 23,
      "rank_text": "Topic Rank - #-1598",
      "mistakes_corrected": 0,
      "initial_mistake_count": 9,
      "response_map": {
        "48": 193,
        "49": 197,
        "50": 202,
        "51": 203,
        "52": 208,
        "53": 212,
        "54": 217,
        "55": 221,
        "56": 226,
        "57": 229,
        "58": 231,
        "59": 235,
        "60": 240,
        "61": 244,
        "62": 249,
        "64": 257,
        "65": 261,
        "134": 539
      },
      "quiz": {
        "id": 6,
        "name": null,
        "title": "Human Physiology PYQ",
        "description": "",
        "difficulty_level": null,
        "topic": "Body Fluids and Circulation ",
        "time": "2024-04-25T00:00:00.000+05:30",
        "is_published": true,
        "created_at": "2024-04-26T15:26:29.886+05:30",
        "updated_at": "2024-06-05T18:27:32.163+05:30",
        "duration": 23,
        "end_time": "2024-04-26T00:00:00.000+05:30",
        "negative_marks": "1.0",
        "correct_answer_marks": "4.0",
        "shuffle": true,
        "show_answers": true,
        "lock_solutions": false,
        "is_form": false,
        "show_mastery_option": false,
        "reading_material": null,
        "quiz_type": null,
        "is_custom": false,
        "banner_id": null,
        "exam_id": null,
        "show_unanswered": false,
        "ends_at": "2025-01-18",
        "lives": null,
        "live_count": "Free Test",
        "coin_count": -1,
        "questions_count": 23,
        "daily_date": "January 17, 2025",
        "max_mistake_count": 15,
        "reading_materials": []
      }
    },
    {
      "id": 321514,
      "quiz_id": 20,
      "user_id": "YcDFSO4ZukTJnnFMgRNVwZTE4j42",
      "submitted_at": "2025-01-13T16:10:03.743+05:30",
      "created_at": "2025-01-13T16:10:03.753+05:30",
      "updated_at": "2025-01-13T16:10:03.753+05:30",
      "score": 12,
      "trophy_level": 2,
      "accuracy": "30 %",
      "speed": "100",
      "final_score": "5.0",
      "negative_score": "7.0",
      "correct_answers": 3,
      "incorrect_answers": 7,
      "source": "live",
      "type": "topic",
      "started_at": "2025-01-13T16:05:27.000+05:30",
      "ended_at": "2025-01-13T16:10:02.000+05:30",
      "duration": "15:00",
      "better_than": 18,
      "total_questions": 59,
      "rank_text": "Topic Rank - #2556",
      "mistakes_corrected": 0,
      "initial_mistake_count": 7,
      "response_map": {
        "473": 1893,
        "474": 1898,
        "475": 1901,
        "487": 1951,
        "488": 1956,
        "492": 1972,
        "500": 2001,
        "508": 2034,
        "513": 2054,
        "521": 2085
      },
      "quiz": {
        "id": 20,
        "name": null,
        "title": "PRINCIPLES OF INHERITANCE AND VARIATION PYQ",
        "description": "",
        "difficulty_level": null,
        "topic": "principles of inheritance and variation ",
        "time": "2024-06-07T00:00:00.000+05:30",
        "is_published": true,
        "created_at": "2024-06-07T15:40:47.746+05:30",
        "updated_at": "2024-06-20T18:17:03.628+05:30",
        "duration": 59,
        "end_time": "2024-06-08T00:00:00.000+05:30",
        "negative_marks": "1.0",
        "correct_answer_marks": "4.0",
        "shuffle": true,
        "show_answers": true,
        "lock_solutions": false,
        "is_form": false,
        "show_mastery_option": false,
        "reading_material": null,
        "quiz_type": null,
        "is_custom": false,
        "banner_id": null,
        "exam_id": null,
        "show_unanswered": false,
        "ends_at": "2025-01-18",
        "lives": null,
        "live_count": "Free Test",
        "coin_count": -1,
        "questions_count": 59,
        "daily_date": "January 17, 2025",
        "max_mistake_count": 15,
        "reading_materials": []
      }
    },
    {
      "id": 320963,
      "quiz_id": 24,
      "user_id": "YcDFSO4ZukTJnnFMgRNVwZTE4j42",
      "submitted_at": "2025-01-13T13:28:12.784+05:30",
      "created_at": "2025-01-13T13:28:12.795+05:30",
      "updated_at": "2025-01-13T13:28:12.795+05:30",
      "score": 76,
      "trophy_level": 2,
      "accuracy": "100 %",
      "speed": "95",
      "final_score": "76.0",
      "negative_score": "0.0",
      "correct_answers": 19,
      "incorrect_answers": 0,
      "source": "live",
      "type": "topic",
      "started_at": "2025-01-13T13:14:17.000+05:30",
      "ended_at": "2025-01-13T13:28:11.000+05:30",
      "duration": "15:00",
      "better_than": 375,
      "total_questions": 20,
      "rank_text": "Topic Rank - #-8479",
      "mistakes_corrected": 4,
      "initial_mistake_count": 4,
      "response_map": {
        "770": 3084,
        "771": 3085,
        "772": 3091,
        "773": 3096,
        "774": 4667,
        "775": 3103,
        "776": 3107,
        "777": 3108,
        "778": 3113,
        "779": 3117,
        "780": 3120,
        "781": 3124,
        "782": 3130,
        "783": 3133,
        "784": 3139,
        "785": 3143,
        "786": 3146,
        "787": 3150,
        "788": 3153
      },
      "quiz": {
        "id": 24,
        "name": null,
        "title": "MICROBES IN HUMAN WELFARE  PYQ",
        "description": "",
        "difficulty_level": null,
        "topic": "microbes in human welfare",
        "time": "2024-06-10T00:00:00.000+05:30",
        "is_published": true,
        "created_at": "2024-06-10T13:19:22.991+05:30",
        "updated_at": "2024-06-24T14:01:22.154+05:30",
        "duration": 20,
        "end_time": "2024-06-11T00:00:00.000+05:30",
        "negative_marks": "1.0",
        "correct_answer_marks": "4.0",
        "shuffle": true,
        "show_answers": true,
        "lock_solutions": false,
        "is_form": false,
        "show_mastery_option": false,
        "reading_material": null,
        "quiz_type": null,
        "is_custom": false,
        "banner_id": null,
        "exam_id": null,
        "show_unanswered": false,
        "ends_at": "2025-01-18",
        "lives": null,
        "live_count": "Free Test",
        "coin_count": -1,
        "questions_count": 20,
        "daily_date": "January 17, 2025",
        "max_mistake_count": 15,
        "reading_materials": []
      }
    },
    {
      "id": 320916,
      "quiz_id": 18,
      "user_id": "YcDFSO4ZukTJnnFMgRNVwZTE4j42",
      "submitted_at": "2025-01-13T13:12:40.687+05:30",
      "created_at": "2025-01-13T13:12:40.695+05:30",
      "updated_at": "2025-01-13T13:12:40.695+05:30",
      "score": 40,
      "trophy_level": 1,
      "accuracy": "100 %",
      "speed": "100",
      "final_score": "40.0",
      "negative_score": "0.0",
      "correct_answers": 10,
      "incorrect_answers": 0,
      "source": "live",
      "type": "topic",
      "started_at": "2025-01-13T13:11:13.000+05:30",
      "ended_at": "2025-01-13T13:12:39.000+05:30",
      "duration": "15:00",
      "better_than": 177,
      "total_questions": 22,
      "rank_text": "Topic Rank - #-2380",
      "mistakes_corrected": 0,
      "initial_mistake_count": 0,
      "response_map": {
        "612": 2451,
        "613": 2454,
        "614": 2460,
        "619": 2481,
        "620": 2483,
        "624": 2499,
        "626": 2509,
        "628": 2516,
        "629": 2521,
        "630": 2523
      },
      "quiz": {
        "id": 18,
        "name": null,
        "title": "REPRODUCTIVE HEALTH PYQ",
        "description": "",
        "difficulty_level": null,
        "topic": "reproductive health ",
        "time": "2024-06-07T00:00:00.000+05:30",
        "is_published": true,
        "created_at": "2024-06-07T15:24:37.590+05:30",
        "updated_at": "2024-06-14T15:16:51.212+05:30",
        "duration": 22,
        "end_time": "2024-06-08T00:00:00.000+05:30",
        "negative_marks": "1.0",
        "correct_answer_marks": "4.0",
        "shuffle": true,
        "show_answers": true,
        "lock_solutions": false,
        "is_form": false,
        "show_mastery_option": false,
        "reading_material": null,
        "quiz_type": null,
        "is_custom": false,
        "banner_id": null,
        "exam_id": null,
        "show_unanswered": false,
        "ends_at": "2025-01-18",
        "lives": null,
        "live_count": "Free Test",
        "coin_count": -1,
        "questions_count": 22,
        "daily_date": "January 17, 2025",
        "max_mistake_count": 15,
        "reading_materials": []
      }
    },
    {
      "id": 315179,
      "quiz_id": 25,
      "user_id": "YcDFSO4ZukTJnnFMgRNVwZTE4j42",
      "submitted_at": "2025-01-11T21:20:08.641+05:30",
      "created_at": "2025-01-11T21:20:08.652+05:30",
      "updated_at": "2025-01-11T21:20:08.652+05:30",
      "score": 112,
      "trophy_level": 2,
      "accuracy": "93 %",
      "speed": "100",
      "final_score": "110.0",
      "negative_score": "2.0",
      "correct_answers": 28,
      "incorrect_answers": 2,
      "source": "exam",
      "type": "topic",
      "started_at": "2025-01-11T21:04:22.000+05:30",
      "ended_at": "2025-01-11T21:20:07.000+05:30",
      "duration": "15:00",
      "better_than": 270,
      "total_questions": 41,
      "rank_text": "Topic Rank - #-5215",
      "mistakes_corrected": 12,
      "initial_mistake_count": 14,
      "response_map": {
        "790": 3160,
        "793": 3172,
        "794": 3177,
        "796": 3185,
        "797": 3188,
        "799": 3197,
        "800": 3200,
        "801": 3204,
        "804": 3217,
        "805": 3219,
        "806": 3226,
        "807": 3227,
        "808": 3234,
        "810": 3241,
        "811": 3243,
        "812": 3249,
        "813": 3251,
        "814": 3255,
        "815": 3259,
        "816": 3265,
        "817": 3268,
        "818": 3272,
        "820": 3280,
        "823": 3291,
        "825": 4669,
        "826": 3305,
        "827": 3309,
        "828": 3311,
        "829": 3316,
        "830": 3318
      },
      "quiz": {
        "id": 25,
        "name": null,
        "title": "HUMAN HEALTH AND DISEASE PYQ",
        "description": "",
        "difficulty_level": null,
        "topic": "human health and disease ",
        "time": "2024-06-10T00:00:00.000+05:30",
        "is_published": true,
        "created_at": "2024-06-10T16:08:08.817+05:30",
        "updated_at": "2024-06-24T13:12:10.743+05:30",
        "duration": 41,
        "end_time": "2024-06-11T00:00:00.000+05:30",
        "negative_marks": "1.0",
        "correct_answer_marks": "4.0",
        "shuffle": true,
        "show_answers": true,
        "lock_solutions": false,
        "is_form": false,
        "show_mastery_option": false,
        "reading_material": null,
        "quiz_type": null,
        "is_custom": false,
        "banner_id": null,
        "exam_id": null,
        "show_unanswered": false,
        "ends_at": "2025-01-18",
        "lives": null,
        "live_count": "Free Test",
        "coin_count": -1,
        "questions_count": 41,
        "daily_date": "January 17, 2025",
        "max_mistake_count": 15,
        "reading_materials": []
      }
    },
    {
      "id": 315081,
      "quiz_id": 18,
      "user_id": "YcDFSO4ZukTJnnFMgRNVwZTE4j42",
      "submitted_at": "2025-01-11T21:03:43.251+05:30",
      "created_at": "2025-01-11T21:03:43.262+05:30",
      "updated_at": "2025-01-11T21:03:43.262+05:30",
      "score": 64,
      "trophy_level": 3,
      "accuracy": "84 %",
      "speed": "86",
      "final_score": "61.0",
      "negative_score": "3.0",
      "correct_answers": 16,
      "incorrect_answers": 3,
      "source": "exam",
      "type": "topic",
      "started_at": "2025-01-11T20:58:07.000+05:30",
      "ended_at": "2025-01-11T21:03:42.000+05:30",
      "duration": "15:00",
      "better_than": 286,
      "total_questions": 22,
      "rank_text": "Topic Rank - #-5764",
      "mistakes_corrected": 0,
      "initial_mistake_count": 3,
      "response_map": {
        "611": 2447,
        "612": 2451,
        "613": 2454,
        "614": 2460,
        "615": 2465,
        "616": 2466,
        "617": 2470,
        "619": 2481,
        "620": 2484,
        "621": 2486,
        "622": 2490,
        "623": 2495,
        "624": 2499,
        "625": 2505,
        "626": 2509,
        "627": 2514,
        "628": 2516,
        "629": 2521,
        "630": 2523
      },
      "quiz": {
        "id": 18,
        "name": null,
        "title": "REPRODUCTIVE HEALTH PYQ",
        "description": "",
        "difficulty_level": null,
        "topic": "reproductive health ",
        "time": "2024-06-07T00:00:00.000+05:30",
        "is_published": true,
        "created_at": "2024-06-07T15:24:37.590+05:30",
        "updated_at": "2024-06-14T15:16:51.212+05:30",
        "duration": 22,
        "end_time": "2024-06-08T00:00:00.000+05:30",
        "negative_marks": "1.0",
        "correct_answer_marks": "4.0",
        "shuffle": true,
        "show_answers": true,
        "lock_solutions": false,
        "is_form": false,
        "show_mastery_option": false,
        "reading_material": null,
        "quiz_type": null,
        "is_custom": false,
        "banner_id": null,
        "exam_id": null,
        "show_unanswered": false,
        "ends_at": "2025-01-18",
        "lives": null,
        "live_count": "Free Test",
        "coin_count": -1,
        "questions_count": 22,
        "daily_date": "January 17, 2025",
        "max_mistake_count": 15,
        "reading_materials": []
      }
    },
    {
      "id": 257774,
      "quiz_id": 58,
      "user_id": "YcDFSO4ZukTJnnFMgRNVwZTE4j42",
      "submitted_at": "2024-12-28T22:58:52.969+05:30",
      "created_at": "2024-12-28T22:58:53.122+05:30",
      "updated_at": "2024-12-28T22:58:53.122+05:30",
      "score": 52,
      "trophy_level": 2,
      "accuracy": "43 %",
      "speed": "100",
      "final_score": "35.0",
      "negative_score": "17.0",
      "correct_answers": 13,
      "incorrect_answers": 17,
      "source": "exam",
      "type": "topic",
      "started_at": "2024-12-28T22:42:26.000+05:30",
      "ended_at": "2024-12-28T22:58:49.000+05:30",
      "duration": "15:00",
      "better_than": 92,
      "total_questions": 55,
      "rank_text": "Topic Rank - #301",
      "mistakes_corrected": 0,
      "initial_mistake_count": 17,
      "response_map": {
        "3132": 12542,
        "3135": 12554,
        "3137": 12561,
        "3140": 12574,
        "3142": 12581,
        "3144": 12589,
        "3145": 12593,
        "3146": 12596,
        "3147": 12600,
        "3148": 12604,
        "3149": 12610,
        "3150": 12612,
        "3156": 12637,
        "3158": 12646,
        "3160": 12653,
        "3163": 12664,
        "3165": 12674,
        "3167": 12682,
        "3168": 12686,
        "3178": 12726,
        "3181": 12735,
        "3184": 12747,
        "3185": 12751,
        "3187": 12760,
        "3188": 12764,
        "3189": 12767,
        "3190": 12771,
        "3191": 12776,
        "3193": 12786,
        "3194": 12787
      },
      "quiz": {
        "id": 58,
        "name": null,
        "title": "Reproduction",
        "description": "",
        "difficulty_level": null,
        "topic": "Reproductive Health",
        "time": "2024-07-12T00:00:00.000+05:30",
        "is_published": true,
        "created_at": "2024-07-12T17:59:03.733+05:30",
        "updated_at": "2024-09-23T18:43:29.022+05:30",
        "duration": 55,
        "end_time": "2024-07-13T00:00:00.000+05:30",
        "negative_marks": "1.0",
        "correct_answer_marks": "4.0",
        "shuffle": true,
        "show_answers": true,
        "lock_solutions": false,
        "is_form": false,
        "show_mastery_option": false,
        "reading_material": null,
        "quiz_type": null,
        "is_custom": false,
        "banner_id": null,
        "exam_id": null,
        "show_unanswered": false,
        "ends_at": "2025-01-18",
        "lives": null,
        "live_count": "Free Test",
        "coin_count": -1,
        "questions_count": 55,
        "daily_date": "January 17, 2025",
        "max_mistake_count": 15,
        "reading_materials": []
      }
    },
    {
      "id": 195808,
      "quiz_id": 50,
      "user_id": "YcDFSO4ZukTJnnFMgRNVwZTE4j42",
      "submitted_at": "2024-12-11T20:36:44.822+05:30",
      "created_at": "2024-12-11T20:36:44.863+05:30",
      "updated_at": "2024-12-11T20:36:44.863+05:30",
      "score": 24,
      "trophy_level": 3,
      "accuracy": "66 %",
      "speed": "90",
      "final_score": "21.0",
      "negative_score": "3.0",
      "correct_answers": 6,
      "incorrect_answers": 3,
      "source": "exam",
      "type": "topic",
      "started_at": "2024-12-11T20:31:14.000+05:30",
      "ended_at": "2024-12-11T20:36:42.000+05:30",
      "duration": "15:00",
      "better_than": 23,
      "total_questions": 100,
      "rank_text": "Topic Rank - #2392",
      "mistakes_corrected": 0,
      "initial_mistake_count": 3,
      "response_map": {
        "2417": 9684,
        "2425": 9715,
        "2435": 9754,
        "2440": 9776,
        "2444": 9793,
        "2452": 9824,
        "2459": 9852,
        "2469": 9890,
        "2515": 10075
      },
      "quiz": {
        "id": 50,
        "name": null,
        "title": "Human Physiology (14)",
        "description": "",
        "difficulty_level": null,
        "topic": "Respiration and Gas Exchange",
        "time": "2024-07-11T00:00:00.000+05:30",
        "is_published": true,
        "created_at": "2024-07-11T13:44:33.409+05:30",
        "updated_at": "2024-09-23T18:43:27.666+05:30",
        "duration": 100,
        "end_time": "2024-07-12T00:00:00.000+05:30",
        "negative_marks": "1.0",
        "correct_answer_marks": "4.0",
        "shuffle": true,
        "show_answers": true,
        "lock_solutions": false,
        "is_form": false,
        "show_mastery_option": false,
        "reading_material": null,
        "quiz_type": null,
        "is_custom": false,
        "banner_id": null,
        "exam_id": null,
        "show_unanswered": false,
        "ends_at": "2025-01-18",
        "lives": null,
        "live_count": "Free Test",
        "coin_count": -1,
        "questions_count": 100,
        "daily_date": "January 17, 2025",
        "max_mistake_count": 15,
        "reading_materials": []
      }
    }
  ]