{
    "id": 336566,
    "quiz_id": 43,
    "user_id": "7ZXdz3zHuNcdg9agb5YpaOGLQqw2",
    "submitted_at": "2025-01-17T15:51:29.859+05:30",
    "created_at": "2025-01-17T15:51:29.871+05:30",
    "updated_at": "2025-01-17T15:51:29.871+05:30",
    "score": 32,
    "trophy_level": 2,
    "accuracy": "80 %",
    "speed": "100",
    "final_score": "30.0",
    "negative_score": "2.0",
    "correct_answers": 8,
    "incorrect_answers": 2,
    "source": "live",
    "type": "topic",
    "started_at": "2025-01-17T16:20:44.000+05:30",
    "ended_at": "2025-01-17T16:21:28.000+05:30",
    "duration": "15:00",
    "better_than": 24,
    "total_questions": 128,
    "rank_text": "Topic Rank - #2402",
    "mistakes_corrected": 6,
    "initial_mistake_count": 8,
    "response_map": {
      "1837": 7363,
      "1848": 7407,
      "1852": 7423,
      "1862": 7464,
      "1877": 7525,
      "1878": 7529,
      "1900": 7617,
      "1917": 7685,
      "1934": 7750,
      "1964": 7872
    },
    "quiz": {
      "id": 43,
      "name": null,
      "title": "Structural Organisation in Animals and Plants (7)",
      "description": "",
      "difficulty_level": null,
      "topic": "Structural Organisation in Animals",
      "time": "2024-07-03T00:00:00.000+05:30",
      "is_published": true,
      "created_at": "2024-07-03T11:00:08.958+05:30",
      "updated_at": "2024-09-23T18:43:27.751+05:30",
      "duration": 128,
      "end_time": "2024-07-04T00:00:00.000+05:30",
      "negative_marks": "1.0",
      "correct_answer_marks": "4.0",
      "shuffle": true,
      "show_answers": true,
      "lock_solutions": false,
      "is_form": false,
      "show_mastery_option": false,
      "reading_material": null,
      "quiz_type": null,
      "is_custom": false,
      "banner_id": null,
      "exam_id": null,
      "show_unanswered": false,
      "ends_at": "2025-01-18",
      "lives": null,
      "live_count": "Free Test",
      "coin_count": -1,
      "questions_count": 128,
      "daily_date": "January 17, 2025",
      "max_mistake_count": 15,
      "reading_materials": []
    },
    "next_steps": [
      {
        "pageType": "resultPage"
      }
    ]
  }